GURASU.wav,,?,?,,,,,,,,
RD0201A.wav,,S8.SDS,2,5,,,,,,,
RD0201B.wav,,S8.SDS,6,,,,,,,,
RD0201C.wav,,S8.SDS,33,,,,,,,,
RD0201D.wav,,S8.SDS,28,,,,,,,,
RD0201E.wav,,S8.SDS,29,,,,,,,,
RD0201F.wav,,S8.SDS,32,,,,,,,,
RD0301.wav,,S8.SDS,4,,,,,,,,
RD0302A.wav,,S8.SDS,35,,,,,,,,
RD0302B.wav,,S8.SDS,39,,,,,,,,
RD0302C.wav,,S8.SDS,42,,,,,,,,
RD0401A.wav,,S62.SDS,1,,,,,,,,
RD0401B.wav,,S62.SDS,5,,,,,,,,
RD0501A.wav,,S41.SDS,92,,,,,,,,
RD0501B.wav,,S41.SDS,95,,,,,,,,
RD0501C.wav,,S41.SDS,98,,,,,,,,
RD0502.wav,,S41.SDS,110,,,,,,,,
RD0503.wav,,S41.SDS,113,,,,,,,,
RD0504.wav,,S41.SDS,111,,,,,,,,
RD0505.wav,,S41.SDS,99,,,,,,,,
RD0506.wav,,S41.SDS,100,,,,,,,,
RD0507.wav,,S41.SDS,102,,,,,,,,
RD0508.wav,,S41.SDS,103,,,,,,,,
RD0509A.wav,,S41.SDS,104,,,,,,,,
RD0509B.wav,,S41.SDS,106,,,,,,,,
RD0509C.wav,,S41.SDS,107,,,,,,,,
RD0601A.wav,,S41.SDS,55,,,,,,,,
RD0601B.wav,,S41.SDS,59,,,,,,,,
RD0602.wav,,S41.SDS,63,,,,,,,,
RD0603A.wav,,S41.SDS,65,,,,,,,,
RD0603B.wav,,S41.SDS,67,,,,,,,,
RD0604.wav,,S41.SDS,69,,,,,,,,
RD0605.wav,,S41.SDS,74,,,,,,,,
RD0606.wav,,S41.SDS,89,,,,,,,,
RD0607.wav,,S41.SDS,77,,,,,,,,
RD0608.wav,,S41.SDS,78,,,,,,,,
RD0609A.wav,,S41.SDS,82,,,,,,,,
RD0609B.wav,,S41.SDS,85,,,,,,,,
RD0610.wav,,S41.SDS,90,,,,,,,,
RD0701A.wav,,S50.SDS,26,,,,,,,,
RD0701B.wav,,S50.SDS,28,,,,,,,,
RD0801.wav,,S44.SDS,3,,,,,,,,
RD0802A.wav,,S44.SDS,5,,,,,,,,
RD0802B.wav,,S44.SDS,7,,,,,,,,
RD0803.wav,,S44.SDS,9,,,,,,,,
RD0804.wav,,S44.SDS,13,,,,,,,,
RD0805.wav,,S44.SDS,16,,,,,,,,
RD0806A.wav,,S44.SDS,18,,,,,,,,
RD0806B.wav,,S44.SDS,21,,,,,,,,
RD0806C.wav,,S44.SDS,22,,,,,,,,
RD0807A.wav,,S44.SDS,23,,,,,,,,
RD0807B.wav,,S44.SDS,25,,,,,,,,
RD0808.wav,,S44.SDS,27,,,,,,,,
RD0809A.wav,,S44.SDS,29,,,,,,,,
RD0809B.wav,,S44.SDS,30,,,,,,,,
RD0810A.wav,,S44.SDS,33,,,,,,,,
RD0810B.wav,,S44.SDS,34,,,,,,,,
RD0811.wav,,S44.SDS,37,,,,,,,,
RD0812.wav,,S44.SDS,79,,,,,,,,
RD0813.wav,,S44.SDS,78,,,,,,,,
RD0814.wav,,S44.SDS,76,,,,,,,,
RD0901A.wav,,S48.SDS,15,,,,,,,,
RD0901B.wav,,S48.SDS,17,,,,,,,,
RD0902.wav,,S48.SDS,20,,,,,,,,
RD0903.wav,,S48.SDS,22,,,,,,,,
RD0904.wav,,S48.SDS,23,,,,,,,,
RD0906.wav,,S48.SDS,24,,,,,,,,
RD0907.wav,,S48.SDS,79,,,,,,,,
RD0908.wav,,S48.SDS,27,,,,,,,,
RD0909.wav,,S48.SDS,20,,,,,,,,
RD0910.wav,,S48.SDS,97,,,,,,,,
RD0911.wav,,S48.SDS,35,,,,,,,,
RD0912.wav,,S48.SDS,143,,,,,,,,
RD0913.wav,,S48.SDS,219,,,,,,,,
RD0914.wav,,S48.SDS,39,S48.SDS,146,,,,,,
RD0915.wav,,S48.SDS,43,S48.SDS,148,,,,,,
RD0916.wav,,S48.SDS,38,,,,,,,,
RD0917.wav,,S48.SDS,109,,,,,,,,
RD0918.wav,,S48.SDS,111,,,,,,,,
RD0919.wav,,S48.SDS,113,,,,,,,,
RD0920.wav,,S48.SDS,117,,,,,,,,
RD0921.wav,,S48.SDS,50,,,,,,,,
RD0922.wav,,S48.SDS,51,,,,,,,,
RD0923.wav,,S48.SDS,55,,,,,,,,
RD0924.wav,,S48.SDS,101,S48.SDS,204,S48.SDS,205,,,,
RD0925.wav,,S48.SDS,142,,,,,,,,
RD0926.wav,,S48.SDS,140,,,,,,,,
RD0927.wav,,S48.SDS,103,,,,,,,,
RD1001.wav,,S45.SDS,1,,,,,,,,
RD1002.wav,,S45.SDS,9,,,,,,,,
RD1003.wav,,S45.SDS,5,,,,,,,,
RD1004.wav,,S45.SDS,6,,,,,,,,
RD1005.wav,,S45.SDS,2,,,,,,,,
RD1006.wav,,S45.SDS,3,,,,,,,,
RD1101.wav,,S86.SDS,1,,,,,,,,
RD1201.wav,,S16.SDS,77,,,,,,,,
RD1202.wav,,S16.SDS,78,,,,,,,,
RD1203.wav,,S16.SDS,1,,,,,,,,
RD1204.wav,,S16.SDS,3,,,,,,,,
RD1205.wav,,S16.SDS,4,,,,,,,,
RD1206.wav,,S16.SDS,44,,,,,,,,
RD1207.wav,,S16.SDS,54,,,,,,,,
RD1208.wav,,S16.SDS,52,,,,,,,,
RD1209.wav,,S16.SDS,5,,,,,,,,
RD1210.wav,,S16.SDS,42,,,,,,,,
RD1211.wav,,S16.SDS,7,,,,,,,,
RD1212.wav,,S16.SDS,8,,,,,,,,
RD1213.wav,,S16.SDS,9,,,,,,,,
RD1214.wav,,S16.SDS,18,,,,,,,,
RD1215.wav,,S16.SDS,19,,,,,,,,
RD1216.wav,,S16.SDS,20,,,,,,,,
RD1217.wav,,S16.SDS,15,,,,,,,,
RD1218.wav,,S16.SDS,16,,,,,,,,
RD1219.wav,,S16.SDS,17,,,,,,,,
RD1220.wav,,S16.SDS,32,,,,,,,,
RD1221.wav,,S16.SDS,33,,,,,,,,
RD1222.wav,,S16.SDS,34,,,,,,,,
RD1301A.wav,,S18.SDS,105,,,,,,,,
RD1301B.wav,,S18.SDS,109,,,,,,,,
RD1301C.wav,,S18.SDS,113,,,,,,,,
RD1302A.wav,,S18.SDS,115,,,,,,,,
RD1302B.wav,,S18.SDS,117,,,,,,,,
RD1303.wav,,S18.SDS,127,,,,,,,,
RD1304A.wav,,S18.SDS,121,,,,,,,,
RD1304B.wav,,S18.SDS,125,,,,,,,,
RD1305.wav,,S18.SDS,129,,,,,,,,
RD1306.wav,,S18.SDS,130,,,,,,,,
RD1307.wav,,S18.SDS,131,,,,,,,,
RD1308.wav,,S18.SDS,139,,,,,,,,
RD1401.wav,,S18.SDS,133,,,,,,,,
RD1402.wav,,S18.SDS,134,,,,,,,,
RD1403.wav,,S18.SDS,132,,,,,,,,
RD1404.wav,,S18.SDS,136,,,,,,,,
RD1405.wav,,S18.SDS,137,,,,,,,,
RD1406.wav,,S18.SDS,135,,,,,,,,
RD1501A1.wav,,S17.SDS,63,,,,,,,,
RD1501B.wav,,S17.SDS,67,S17.SDS,74,,,,,,
RD1502.wav,,S17.SDS,77,,,,,,,,
RD1503.wav,,S17.SDS,78,,,,,,,,
RD1504.wav,,S17.SDS,79,,,,,,,,
RD1505.wav,,S17.SDS,81,,,,,,,,
RD1601A.wav,,S19.SDS,461,,,,,,,,
RD1601B.wav,,S19.SDS,465,,,,,,,,
RD1602.wav,,S19.SDS,469,,,,,,,,
RD1603.wav,,S19.SDS,472,,,,,,,,
RD1604.wav,,S19.SDS,474,,,,,,,,
RD1605.wav,,S19.SDS,476,,,,,,,,
RD1606A.wav,,S19.SDS,479,,,,,,,,
RD1606B.wav,,S19.SDS,481,,,,,,,,
RD1606C.wav,,S19.SDS,483,,,,,,,,
RD1607A.wav,,S19.SDS,487,,,,,,,,
RD1607B.wav,,S19.SDS,489,,,,,,,,
RD1607C.wav,,S19.SDS,493,,,,,,,,
RD1608.wav,,S19.SDS,518,,,,,,,,
RD1609.wav,,S19.SDS,519,,,,,,,,
RD1610.wav,,S19.SDS,520,,,,,,,,
RD1611.wav,,S19.SDS,477,,,,,,,,
RD1612.wav,,S19.SDS,485,,,,,,,,
RD1613.wav,,S19.SDS,673,,,,,,,,
RD1701.wav,,S19.SDS,54,,,,,,,,
RD1702.wav,,S19.SDS,57,,,,,,,,
RD1703.wav,,S19.SDS,58,,,,,,,,
RD1704A.wav,,S19.SDS,59,,,,,,,,
RD1704B.wav,,S19.SDS,61,,,,,,,,
RD1705.wav,,S19.SDS,66,,,,,,,,
RD1706A.wav,,S19.SDS,69,,,,,,,,
RD1706B.wav,,S63.SDS,2,,,,,,,,
RD1706D.wav,,S63.SDS,6,,,,,,,,
RD1707A.wav,,S19.SDS,71,,,,,,,,
RD1707B.wav,,S19.SDS,73,,,,,,,,
RD1708.wav,,S19.SDS,79,,,,,,,,
RD1709A.wav,,S19.SDS,81,,,,,,,,
RD1709B.wav,,S19.SDS,84,,,,,,,,
RD1710.wav,,S19.SDS,87,,,,,,,,
RD1711A.wav,,S19.SDS,88,,,,,,,,
RD1711B.wav,,S19.SDS,91,,,,,,,,
RD1712.wav,,S19.SDS,93,,,,,,,,
RD1713.wav,,S19.SDS,94,,,,,,,,
RD1714.wav,,S19.SDS,95,,,,,,,,
RD1715.wav,,S19.SDS,672,,,,,,,,
RD1801A.wav,,S19.SDS,522,,,,,,,,
RD1801B.wav,,S19.SDS,528,,,,,,,,
RD1802A.wav,,S19.SDS,530,,,,,,,,
RD1802B.wav,,S19.SDS,531,,,,,,,,
RD1803A.wav,,S19.SDS,534,,,,,,,,
RD1803B.wav,,S19.SDS,538,,,,,,,,
RD1805.wav,,S19.SDS,540,,,,,,,,
RD1806.wav,,S19.SDS,675,,,,,,,,
RD1807.wav,,S19.SDS,676,,,,,,,,
RD1808.wav,,S19.SDS,677,,,,,,,,
RD1809.wav,,S19.SDS,678,,,,,,,,
RD1901.wav,,S19.SDS,9,,,,,,,,
RD1902.wav,,S19.SDS,11,,,,,,,,
RD1903.wav,,S19.SDS,12,,,,,,,,
RD1904.wav,,S19.SDS,13,,,,,,,,
RD1905.wav,,S19.SDS,15,,,,,,,,
RD1906.wav,,S19.SDS,16,,,,,,,,
RD1907.wav,,S19.SDS,17,,,,,,,,
RD1908.wav,,S19.SDS,25,,,,,,,,
RD1909.wav,,S19.SDS,26,,,,,,,,
RD1910.wav,,S19.SDS,27,,,,,,,,
RD1911.wav,,S19.SDS,32,,,,,,,,
RD1912.wav,,S19.SDS,35,,,,,,,,
RD1913.wav,,S19.SDS,36,,,,,,,,
RD1914.wav,,S19.SDS,38,,,,,,,,
RD1915.wav,,S19.SDS,19,,,,,,,,
RD1916.wav,,S19.SDS,21,,,,,,,,
RD1917.wav,,S19.SDS,22,,,,,,,,
RD1918.wav,,S19.SDS,30,,,,,,,,
RD1919.wav,,S19.SDS,669,,,,,,,,
RD1920.wav,,S19.SDS,46,,,,,,,,
RD1921.wav,,S19.SDS,47,,,,,,,,
RD1922.wav,,S19.SDS,51,,,,,,,,
RD1923.wav,,S19.SDS,543,,,,,,,,
RD2001A.wav,,S20.SDS,227,,,,,,,,
RD2001B.wav,,S20.SDS,229,,,,,,,,
RD2002.wav,,S20.SDS,235,,,,,,,,
RD2003.wav,,S20.SDS,236,,,,,,,,
RD2004.wav,,S20.SDS,237,,,,,,,,
RD2005.wav,,S20.SDS,239,,,,,,,,
RD2006.wav,,S20.SDS,268,,,,,,,,
RD2007.wav,,S20.SDS,243,,,,,,,,
RD2008.wav,,S20.SDS,312,,,,,,,,
RD2009.wav,,S20.SDS,246,,,,,,,,
RD2010A.wav,,S20.SDS,250,,,,,,,,
RD2010B.wav,,S20.SDS,252,,,,,,,,
RD2010C.wav,,S20.SDS,254,,,,,,,,
RD2010D.wav,,S20.SDS,255,,,,,,,,
RD2011.wav,,S20.SDS,256,,,,,,,,
RD2012.wav,,S20.SDS,257,,,,,,,,
RD2013A.wav,,S20.SDS,314,,,,,,,,
RD2013B.wav,,S20.SDS,315,,,,,,,,
RD2013C.wav,,S20.SDS,316,,,,,,,,
RD2014.wav,,S20.SDS,318,,,,,,,,
RD2015A.wav,,S20.SDS,321,,,,,,,,
RD2015B.wav,,S20.SDS,323,,,,,,,,
RD2015C.wav,,S20.SDS,325,,,,,,,,
RD2015D.wav,,S20.SDS,328,,,,,,,,
RD2015E.wav,,S20.SDS,329,,,,,,,,
RD2016A.wav,,S20.SDS,555,,,,,,,,
RD2016B.wav,,S20.SDS,263,,,,,,,,
RD2016C.wav,,S20.SDS,363,,,,,,,,
RD2017.wav,,S20.SDS,266,,,,,,,,
RD2018.wav,,S20.SDS,306,,,,,,,,
RD2019.wav,,S20.SDS,332,,,,,,,,
RD2020.wav,,S20.SDS,364,,,,,,,,
RD2021.wav,,S20.SDS,309,,,,,,,,
RD2022.wav,,S20.SDS,334,,,,,,,,
RD2023A.wav,,S20.SDS,336,,,,,,,,
RD2023B.wav,,S20.SDS,338,,,,,,,,
RD2023C.wav,,S20.SDS,340,,,,,,,,
RD2024.wav,,S20.SDS,342,,,,,,,,
RD2025A.wav,,S20.SDS,345,,,,,,,,
RD2025B.wav,,S20.SDS,347,,,,,,,,
RD2025C.wav,,S20.SDS,350,,,,,,,,
RD2026.wav,,S20.SDS,351,,,,,,,,
RD2027A.wav,,S20.SDS,353,,,,,,,,
RD2027B.wav,,S20.SDS,355,S20.SDS,358,,,,,,
RD2028.wav,,S20.SDS,360,,,,,,,,
RD2029A.wav,,S20.SDS,359,S20.SDS,404,,,,,,
RD2029B.wav,,S20.SDS,362,,,,,,,,
RD2029C.wav,,S20.SDS,363,,,,,,,,
RD2030.wav,,S20.SDS,367,,,,,,,,
RD2031.wav,,S20.SDS,371,,,,,,,,
RD2032A.wav,,S20.SDS,372,,,,,,,,
RD2032B.wav,,S20.SDS,374,,,,,,,,
RD2033.wav,,S20.SDS,376,,,,,,,,
RD2034.wav,,S20.SDS,378,,,,,,,,
RD2035A.wav,,S20.SDS,381,,,,,,,,
RD2035B.wav,,S20.SDS,385,,,,,,,,
RD2035C.wav,,S20.SDS,387,,,,,,,,
RD2036A.wav,,S20.SDS,389,,,,,,,,
RD2036B.wav,,S20.SDS,392,,,,,,,,
RD2036C.wav,,S20.SDS,393,,,,,,,,
RD2037.wav,,S20.SDS,395,,,,,,,,
RD2038.wav,,S20.SDS,398,,,,,,,,
RD2039A.wav,,S20.SDS,409,,,,,,,,
RD2039B.wav,,S20.SDS,413,,,,,,,,
RD2040A.wav,,S20.SDS,270,,,,,,,,
RD2040B.wav,,S20.SDS,273,,,,,,,,
RD2041.wav,,S20.SDS,274,,,,,,,,
RD2042.wav,,S20.SDS,276,,,,,,,,
RD2043A.wav,,S20.SDS,279,,,,,,,,
RD2043B.wav,,S20.SDS,282,,,,,,,,
RD2043C.wav,,S20.SDS,285,,,,,,,,
RD2043D.wav,,S20.SDS,287,,,,,,,,
RD2044.wav,,S20.SDS,298,,,,,,,,
RD2045A.wav,,S20.SDS,290,,,,,,,,
RD2045B.wav,,S20.SDS,293,,,,,,,,
RD2045C.wav,,S20.SDS,350,,,,,,,,
RD2046A.wav,,S20.SDS,300,,,,,,,,
RD2046B.wav,,S20.SDS,302,,,,,,,,
RD2046C.wav,,S20.SDS,303,,,,,,,,
RD2046D.wav,,S20.SDS,304,,,,,,,,
RD2047.wav,,S20.SDS,642,,,,,,,,
RD2048.wav,,S20.SDS,643,,,,,,,,
RD2049.wav,,S20.SDS,644,,,,,,,,
RD2050A.wav,,S19.SDS,663,,,,,,,,
RD2050B.wav,,S19.SDS,664,,,,,,,,
RD2051A.wav,,S19.SDS,665,,,,,,,,
RD2051B.wav,,S19.SDS,666,,,,,,,,
RD2052.wav,,S19.SDS,667,,,,,,,,
RD2101.wav,,S16.SDS,689,,,,,,,,
RD2102A.wav,,S16.SDS,60,,,,,,,,
RD2102B.wav,,S16.SDS,67,,,,,,,,
RD2103.wav,,S16.SDS,74,,,,,,,,
RD2104.wav,,S16.SDS,76,,,,,,,,
RD2105.wav,,S16.SDS,46,,,,,,,,
RD2106.wav,,S16.SDS,80,,,,,,,,
RD2107.wav,,S16.SDS,81,,,,,,,,
RD2108.wav,,S16.SDS,53,,,,,,,,
RD2109.wav,,S16.SDS,43,,,,,,,,
RD2201A.wav,,S61.SDS,5,6,,,,,,,
RD2201B.wav,,S61.SDS,7,,,,,,,,
RD2301A.wav,,S58.SDS,147,,,,,,,,
RD2301B.wav,,S58.SDS,151,,,,,,,,
RD2401.wav,,S60.SDS,1,,,,,,,,
RD2402.wav,,S60.SDS,3,,,,,,,,
RD2501A.wav,,S59.SDS,12,,,,,,,,
RD2501B.wav,,S59.SDS,13,,,,,,,,
RD2501C.wav,,S59.SDS,1,,,,,,,,
RD2502A.wav,,S59.SDS,2,,,,,,,,
RD2502B.wav,,S59.SDS,5,,,,,,,,
RD2502C.wav,,S59.SDS,3,,,,,,,,
RD2503.wav,,S59.SDS,7,,,,,,,,
RD2504.wav,,S59.SDS,6,,,,,,,,
RD2505A.wav,,S59.SDS,8,,,,,,,,
RD2505B.wav,,S59.SDS,10,,,,,,,,
RD2601.wav,,S76.SDS,1,,,,,,,,
RD2602.wav,,S76.SDS,2,,,,,,,,
RD2603.wav,,S76.SDS,14,,,,,,,,
RD2604.wav,,S76.SDS,3,,,,,,,,
RD2605A.wav,,S74.SDS,1,,,,,,,,
RD2605B.wav,,S74.SDS,4,5,,,,,,,
RD2606.wav,,S74.SDS,8,,,,,,,,
RD2607.wav,,S48.SDS,215,,,,,,,,
RD2608.wav,,S48.SDS,217,,,,,,,,
RD2609.wav,,S95.SDS,14,,,,,,,,
RD2701.wav,,S83.SDS,7777,S84.SDS,7777,S75.SDS,1,S66.SDS,7777,S61.SDS,7777
RD2702.wav,,S77.SDS,4,5,,,,,,,
RD2704.wav,,S75.SDS,3,,,,,,,,
RD2901A.wav,,S50.SDS,32,,,,,,,,
RD2901B.wav,,S50.SDS,35,,,,,,,,
RD2901C.wav,,S50.SDS,39,,,,,,,,
RD2901D.wav,,S50.SDS,43,,,,,,,,
RD3001A.wav,,S28.SDS,9,,,,,,,,
RD3001B.wav,,S28.SDS,14,,,,,,,,
RD3001C.wav,,S28.SDS,17,,,,,,,,
RD3002.wav,,S28.SDS,83,,,,,,,,
RD3003.wav,,S28.SDS,87,,,,,,,,
RD3004.wav,,S28.SDS,20,,,,,,,,
RD3005A.wav,,S28.SDS,21,,,,,,,,
RD3005B.wav,,S28.SDS,23,,,,,,,,
RD3005C.wav,,S28.SDS,25,,,,,,,,
RD3005D.wav,,S28.SDS,28,,,,,,,,
RD3006.wav,,S28.SDS,33,,,,,,,,
RD3007.wav,,S28.SDS,38,,,,,,,,
RD3008.wav,,S28.SDS,34,,,,,,,,
RD3009.wav,,S28.SDS,35,,,,,,,,
RD3010A.wav,,S28.SDS,44,,,,,,,,
RD3010B.wav,,S28.SDS,45,,,,,,,,
RD3010C1.wav,,S28.SDS,46,,,,,,,,
RD3010C2.wav,,S28.SDS,47,,,,,,,,
RD3010D.wav,,S28.SDS,48,,,,,,,,
RD3010E1.wav,,S28.SDS,49,,,,,,,,
RD3010E2.wav,,S28.SDS,50,,,,,,,,
RD3010E3.wav,,S28.SDS,51,,,,,,,,
RD3010F.wav,,S28.SDS,53,,,,,,,,
RD3010G.wav,,S28.SDS,54,,,,,,,,
RD3010H.wav,,S28.SDS,57,,,,,,,,
RD3011A.wav,,S28.SDS,61,,,,,,,,
RD3012A.wav,,S28.SDS,65,,,,,,,,
RD3012B.wav,,S28.SDS,68,,,,,,,,
RD3012C.wav,,S28.SDS,70,,,,,,,,
RD3013.wav,,S28.SDS,71,,,,,,,,
RD3014.wav,,S28.SDS,62,,,,,,,,
RD3015.wav,,S28.SDS,94,,,,,,,,
RD3016.wav,,S28.SDS,72,,,,,,,,
RD3101.wav,,S25.SDS,1,,,,,,,,
RD3102.wav,,S25.SDS,2,,,,,,,,
RD3201A.wav,,S8.SDS,44,,,,,,,,
RD3201B.wav,,S8.SDS,47,,,,,,,,
RD3301.wav,,S44.SDS,39,,,,,,,,
RD3302.wav,,S44.SDS,41,,,,,,,,
RD3303.wav,,S44.SDS,42,,,,,,,,
RD3304.wav,,S44.SDS,43,,,,,,,,
RD3305.wav,,S44.SDS,73,,,,,,,,
RD3306.wav,,S44.SDS,74,,,,,,,,
RD3307.wav,,S44.SDS,72,,,,,,,,
RD3308.wav,,S44.SDS,46,,,,,,,,
RD3309.wav,,S44.SDS,48,,,,,,,,
RD3310.wav,,S44.SDS,49,,,,,,,,
RD3311.wav,,S44.SDS,50,,,,,,,,
RD3312A.wav,,S44.SDS,52,,,,,,,,
RD3312B.wav,,S44.SDS,54,,,,,,,,
RD3312C.wav,,S44.SDS,56,,,,,,,,
RD3314.wav,,S44.SDS,61,,,,,,,,
RD3315.wav,,S44.SDS,63,,,,,,,,
RD3316.wav,,S44.SDS,64,,,,,,,,
RD3317.wav,,S44.SDS,66,,,,,,,,
RD3318.wav,,S44.SDS,67,,,,,,,,
RD3319.wav,,S44.SDS,69,,,,,,,,
RD3401A.wav,,S47.SDS,3,,,,,,,,
RD3401C.wav,,S47.SDS,8,,,,,,,,
RD3401D.wav,,S47.SDS,10,,,,,,,,
RD3402.wav,,S47.SDS,13,,,,,,,,
RD3403.wav,,S47.SDS,17,,,,,,,,
RD3404.wav,,S47.SDS,18,,,,,,,,
RD3405.wav,,S47.SDS,24,,,,,,,,
RD3406A.wav,,S47.SDS,27,,,,,,,,
RD3406B.wav,,S47.SDS,28,,,,,,,,
RD3407A1.wav,,S47.SDS,31,,,,,,,,
RD3407A2.wav,,S47.SDS,32,,,,,,,,
RD3407B.wav,,S47.SDS,34,,,,,,,,
RD3407C.wav,,S47.SDS,36,,,,,,,,
RD3407D.wav,,S47.SDS,37,,,,,,,,
RD3408.wav,,S47.SDS,52,,,,,,,,
RD3409.wav,,S47.SDS,42,,,,,,,,
RD3410.wav,,S47.SDS,49,,,,,,,,
RD3411A.wav,,S47.SDS,43,,,,,,,,
RD3411B.wav,,S47.SDS,47,,,,,,,,
RD3411C.wav,,S47.SDS,53,,,,,,,,
RD3412.wav,,S47.SDS,55,,,,,,,,
RD3413.wav,,S47.SDS,56,,,,,,,,
RD3501.wav,,S70.SDS,1,,,,,,,,
RD3502.wav,,S70.SDS,3,,,,,,,,
RD3601.wav,,S48.SDS,175,,,,,,,,
RD3602.wav,,S48.SDS,65,,,,,,,,
RD3603.wav,,S48.SDS,71,,,,,,,,
RD3604.wav,,S48.SDS,67,S48.SDS,168,,,,,,
RD3605.wav,,S48.SDS,225,,,,,,,,
RD3606.wav,,S48.SDS,228,,,,,,,,
RD3607.wav,,S48.SDS,232,,,,,,,,
RD3608.wav,,S48.SDS,210,,,,,,,,
RD3609.wav,,S48.SDS,115,,,,,,,,
RD3610.wav,,S48.SDS,151,,,,,,,,
RD3611.wav,,S48.SDS,127,,,,,,,,
RD3612.wav,,S48.SDS,130,,,,,,,,
RD3613.wav,,S48.SDS,131,,,,,,,,
RD3614.wav,,S48.SDS,133,,,,,,,,
RD3615.wav,,S48.SDS,134,,,,,,,,
RD3616.wav,,S48.SDS,135,,,,,,,,
RD3617.wav,,S48.SDS,181,,,,,,,,
RD3618.wav,,S48.SDS,185,,,,,,,,
RD3619A.wav,,S48.SDS,186,,,,,,,,
RD3619B.wav,,S48.SDS,187,,,,,,,,
RD3619C.wav,,S48.SDS,189,,,,,,,,
RD3619D.wav,,S48.SDS,191,,,,,,,,
RD3619E.wav,,S48.SDS,194,,,,,,,,
RD3620.wav,,S48.SDS,196,,,,,,,,
RD3621.wav,,S48.SDS,197,,,,,,,,
RD3622.wav,,S48.SDS,88,,,,,,,,
RD3623.wav,,S48.SDS,89,,,,,,,,
RD3624.wav,,S48.SDS,12,,,,,,,,
RD3625.wav,,S48.SDS,13,,,,,,,,
RD3626.wav,,S48.SDS,14,,,,,,,,
RD3627.wav,,S48.SDS,206,,,,,,,,
RD3701.wav,,S65.SDS,2,,,,,,,,
RD3702.wav,,S65.SDS,6,,,,,,,,
RD3703.wav,,S65.SDS,9,,,,,,,,
RD3704.wav,,S65.SDS,12,,,,,,,,
RD3705.wav,,S65.SDS,15,,,,,,,,
RD3706.wav,,S65.SDS,18,,,,,,,,
RD3707.wav,,S65.SDS,37,,,,,,,,
RD3708A.wav,,S65.SDS,58,,,,,,,,
RD3708B.wav,,S65.SDS,61,,,,,,,,
RD3708C.wav,,S65.SDS,62,,,,,,,,
RD3709.wav,,S65.SDS,52,S65.SDS,154,,,,,,
RD3710.wav,,S65.SDS,63,,,,,,,,
RD3711.wav,,S65.SDS,67,,,,,,,,
RD3712.wav,,S65.SDS,70,,,,,,,,
RD3713.wav,,S65.SDS,72,,,,,,,,
RD3714.wav,,S65.SDS,74,,,,,,,,
RD3715.wav,,S65.SDS,40,,,,,,,,
RD3716.wav,,S65.SDS,42,,,,,,,,
RD3717.wav,,S65.SDS,31,,,,,,,,
RD3801A.wav,,S65.SDS,97,,,,,,,,
RD3801B.wav,,S65.SDS,101,,,,,,,,
RD3802.wav,,S65.SDS,103,,,,,,,,
RD3803.wav,,S65.SDS,101,,,,,,,,
RD3804.wav,,S65.SDS,106,,,,,,,,
RD3805.wav,,S65.SDS,123,,,,,,,,
RD3806.wav,,S65.SDS,142,,,,,,,,
RD3807.wav,,S65.SDS,143,,,,,,,,
RD3808.wav,,S65.SDS,144,,,,,,,,
RD3809.wav,,S65.SDS,124,,,,,,,,
RD3810.wav,,S65.SDS,151,,,,,,,,
RD3811A.wav,,S65.SDS,131,,,,,,,,
RD3811B.wav,,S65.SDS,137,,,,,,,,
RD3812.wav,,S65.SDS,115,,,,,,,,
RD3813.wav,,S65.SDS,117,,,,,,,,
RD3814.wav,,S65.SDS,111,,,,,,,,
RD3815.wav,,S65.SDS,113,,,,,,,,
RD3816.wav,,S65.SDS,671,,,,,,,,
RD3817.wav,,S65.SDS,670,,,,,,,,
RD3818.wav,,S65.SDS,672,,,,,,,,
RD3819.wav,,S65.SDS,673,,,,,,,,
rd3820.wav,,S19.SDS,453,,,,,,,,
RD3821A.wav,,S19.SDS,651,,,,,,,,
RD3821B.wav,,S19.SDS,654,,,,,,,,
RD3901A.wav,,S50.SDS,44,,,,,,,,
RD3901B.wav,,S50.SDS,47,,,,,,,,
RD4001A.wav,,?,?,,,,,,,,
RD4001B.wav,,S78.SDS,39,,,,,,,,
RD4001C.wav,,S78.SDS,40,,,,,,,,
RD4001D.wav,,?,?,,,,,,,,
RD4001E.wav,,S78.SDS,41,,,,,,,,
RD4001F.wav,,S78.SDS,42,,,,,,,,
RD4001G.wav,,S78.SDS,44,,,,,,,,
RD4001H.wav,,S78.SDS,45,,,,,,,,
RD4001I.wav,,S78.SDS,48,49,,,,,,,
RD4002.wav,,S88.SDS,7,,,,,,,,
RD4003.wav,,S88.SDS,6,,,,,,,,
RD4004A.wav,,S81.SDS,9,,,,,,,,
RD4004B.wav,,S96.SDS,10,11,12,,,,,,
RD4101.wav,,S66.SDS,1,,,,,,,,
RD4201A.wav,,S8.SDS,99,,,,,,,,
RD4201B.wav,,S8.SDS,101,,,,,,,,
RD4301.wav,,S80.SDS,1,,,,,,,,
RD4401A.wav,,S48.SDS,211,,,,,,,,
RD4401B.wav,,S48.SDS,212,,,,,,,,
RD4402.wav,,S48.SDS,235,,,,,,,,
RD4501A.wav,,S8.SDS,91,,,,,,,,
RD4501B.wav,,S8.SDS,93,,,,,,,,
RD4501C.wav,,S8.SDS,95,,,,,,,,
RD4601A.wav,,S79.SDS,30,,,,,,,,
RD4601B.wav,,S79.SDS,31,,,,,,,,
RD4602A.wav,,S79.SDS,34,,,,,,,,
RD4602B.wav,,S79.SDS,35,36,,,,,,,
RD4602C.wav,,S79.SDS,37,,,,,,,,
RD4603.wav,,S79.SDS,39,,,,,,,,
RD4701.wav,,S8.SDS,87,,,,,,,,
RD4801.wav,,?,?,,,,,,,,
RD4901A.wav,,S93.SDS,108,,,,,,,,
RD4901B.wav,,S93.SDS,109,,,,,,,,
RD5001.wav,,S93.SDS,105,,,,,,,,
RD5002A.wav,,S93.SDS,107,,,,,,,,
RD5101.wav,,S31.SDS,2,,,,,,,,
RD5102.wav,,S31.SDS,6,,,,,,,,
RD5103.wav,,S31.SDS,3,,,,,,,,
RD5104.wav,,S31.SDS,4,,,,,,,,
RD5105.wav,,S32.SDS,90,,,,,,,,
RD5201.wav,,S32.SDS,2,,,,,,,,
RD5202A.wav,,S32.SDS,4,,,,,,,,
RD5202B.wav,,S32.SDS,5,,,,,,,,
RD5203A.wav,,S32.SDS,6,,,,,,,,
RD5203B.wav,,S32.SDS,8,,,,,,,,
RD5203C.wav,,S32.SDS,10,,,,,,,,
RD5203D.wav,,S32.SDS,13,,,,,,,,
RD5203E.wav,,S32.SDS,14,,,,,,,,
RD5204A.wav,,S32.SDS,35,,,,,,,,
RD5204B.wav,,S32.SDS,39,,,,,,,,
RD5205A.wav,,S32.SDS,19,,,,,,,,
RD5206B.wav,,S32.SDS,21,,,,,,,,
RD5206C.wav,,S32.SDS,22,,,,,,,,
RD5206D.wav,,S32.SDS,26,,,,,,,,
RD5207.wav,,S32.SDS,42,,,,,,,,
RD5208.wav,,S32.SDS,43,,,,,,,,
RD5209.wav,,S32.SDS,67,,,,,,,,
RD5210.wav,,S32.SDS,69,,,,,,,,
RD5211.wav,,S32.SDS,47,,,,,,,,
RD5212A.wav,,S32.SDS,55,,,,,,,,
RD5212B.wav,,S32.SDS,60,,,,,,,,
RD5213.wav,,S32.SDS,49,,,,,,,,
RD5214.wav,,S32.SDS,52,,,,,,,,
RD5215.wav,,S32.SDS,45,,,,,,,,
RD5216A.wav,,S32.SDS,62,,,,,,,,
RD5216B.wav,,S32.SDS,63,,,,,,,,
RD5217.wav,,S32.SDS,64,,,,,,,,
RD5218A.wav,,S32.SDS,82,,,,,,,,
RD5218B.wav,,S32.SDS,86,,,,,,,,
RD5218C.wav,,S32.SDS,88,,,,,,,,
RD5219.wav,,S32.SDS,111,,,,,,,,
RD5220.wav,,S32.SDS,80,,,,,,,,
RD5301.wav,,S77.SDS,8,,,,,,,,
RD5302.wav,,S77.SDS,9,,,,,,,,
RD5303.wav,,S77.SDS,3,,,,,,,,
RD5304.wav,,S77.SDS,7,,,,,,,,
RD5305.wav,,S77.SDS,2,,,,,,,,
RD5401.wav,,S77.SDS,9,,,,,,,,
RD5402.wav,,S32.SDS,110,,,,,,,,
RD5403B.wav,,S32.SDS,33,,,,,,,,
RD5502.wav,,S77.SDS,1,,,,,,,,
RD5503.wav,,S77.SDS,6,,,,,,,,
RD5601A.wav,,S87.SDS,2,,,,,,,,
RD5601B.wav,,S87.SDS,4,,,,,,,,
RD5701A.wav,,S37.SDS,64,65,,,,,,,
RD5701B.wav,,S37.SDS,75,,,,,,,,
RD5801.wav,,S35.SDS,53,,,,,,,,
RD5901.wav,,S87.SDS,6,7,,,,,,,
RD6001A.wav,,S85.SDS,1,,,,,,,,
RD6001B.wav,,S85.SDS,5,,,,,,,,
RD6001C.wav,,S97.SDS,9,,,,,,,,
RD6002.wav,,S97.SDS,11,,,,,,,,
RD6003.wav,,S90.SDS,1,,,,,,,,
RD6004.wav,,S90.SDS,3,4,,,,,,,
RD6005.wav,,S84.SDS,2,,,,,,,,
RD6006A.wav,,S87.SDS,8,,,,,,,,
RD6006B.wav,,S87.SDS,10,,,,,,,,
RD6006C.wav,,S97.SDS,1,,,,,,,,
RD6101A.wav,,S101.SDS,48,,,,,,,,
RD6101B.wav,,S101.SDS,52,,,,,,,,
RD6101C.wav,,S101.SDS,54,,,,,,,,
RD6101D.wav,,S101.SDS,55,,,,,,,,
RD6101E.wav,,S101.SDS,56,S101.SDS,57,,,,,,
RD6101F.wav,,S101.SDS,58,S101.SDS,59,,,,,,
RD6201A.wav,,S90.SDS,6,,,,,,,,
RD6201B.wav,,S90.SDS,9,,,,,,,,
RD6201C.wav,,S90.SDS,10,,,,,,,,
RD6202A.wav,,S90.SDS,12,,,,,,,,
RD6202B.wav,,S90.SDS,13,,,,,,,,
RD6202C.wav,,S90.SDS,16,,,,,,,,
RD6202D.wav,,S104.SDS,74,,,,,,,,
RD6301A.wav,,S90.SDS,68,,,,,,,,
RD6301B.wav,,S90.SDS,69,,,,,,,,
RD6301C.wav,,S104.SDS,77,,,,,,,,
RD6301D.wav,,S104.SDS,76,,,,,,,,
RD6401.wav,,S9.SDS,79,,,,,,,,
RD6402.wav,,S9.SDS,79,,,,,,,,
RD6404.wav,,?,?,,,,,,,,
RD6405.wav,,?,?,,,,,,,,
RD6406.wav,,?,?,,,,,,,,
RD6407.wav,,?,?,,,,,,,,
RD6501.wav,,S5.SDS,28,29,,,,,,,
RD6502.wav,,S5.SDS,27,,,,,,,,
RD6503.wav,,S5.SDS,31,,,,,,,,
RD6504.wav,,S5.SDS,71,32,,,,,,,
RD6505.wav,,S5.SDS,78,,,,,,,,
RD6506.wav,,S5.SDS,33,,,,,,,,
RD6507.wav,,S5.SDS,26,,,,,,,,
RD6508.wav,,S5.SDS,1,,,,,,,,
RD6509.wav,,S6.SDS,64,,,,,,,,
RD6510.wav,,S6.SDS,63,,,,,,,,
RD6511.wav,,S8.SDS,8,S8.SDS,10,,,,,,
RD6513.wav,,S8.SDS,22,,,,,,,,
RD6514.wav,,S8.SDS,108,,,,,,,,
RD6515.wav,,S8.SDS,14,,,,,,,,
RD6516.wav,,S8.SDS,15,,,,,,,,
RD6517.wav,,S9.SDS,78,S7.SDS,47,,,,,,
RD6518.wav,,S7.SDS,45,,,,,,,,
RD6519.wav,,S7.SDS,677,,,,,,,,
RD6520.wav,,S7.SDS,676,,,,,,,,
RD6521.wav,,S7.SDS,39,,,,,,,,
RD6522.wav,,S7.SDS,41,,,,,,,,
RD6523.wav,,S7.SDS,674,,,,,,,,
RD6601.wav,,S10.SDS,55,,,,,,,,
RD6602.wav,,S10.SDS,56,,,,,,,,
RD6603.wav,,S10.SDS,57,,,,,,,,
RD6604E.wav,,?,?,,,,,,,,
RD6701.wav,,S9.SDS,60,,,,,,,,
RD6702.wav,,S9.SDS,56,,,,,,,,
RD6801A.wav,,S49.SDS,26,,,,,,,,
RD6802.wav,,S49.SDS,24,,,,,,,,
RD6803.wav,,S49.SDS,28,S49.SDS,29,,,,,,
RD6804.wav,,S49.SDS,31,,,,,,,,
RD6805.wav,,S49.SDS,32,,,,,,,,
RD6901.wav,,S41.SDS,116,,,,,,,,
RD6902.wav,,S41.SDS,115,,,,,,,,
RD6903.wav,,S53.SDS,132,,,,,,,,
RD6904.wav,,S53.SDS,135,,,,,,,,
RD6905.wav,,S53.SDS,123,,,,,,,,
RD6906.wav,,S44.SDS,82,,,,,,,,
RD7001.wav,,S48.SDS,237,,,,,,,,
RD7002.wav,,S46.SDS,1,S40.SDS,59,,,,,,
RD7101.wav,,S52.SDS,104,,,,,,,,
RD7102.wav,,S27.SDS,2,,,,,,,,
RD7103.wav,,S27.SDS,3,,,,,,,,
RD7201.wav,,S28.SDS,76,,,,,,,,
RD7202.wav,,S28.SDS,92,,,,,,,,
RD7301.wav,,S29.SDS,88,,,,,,,,
RD7302.wav,,S29.SDS,7,,,,,,,,
RD7303.wav,,S29.SDS,239,,,,,,,,
RD7304.wav,,S68.SDS,91,,,,,,,,
RD7305.wav,,S67.SDS,91,,,,,,,,
RD7306.wav,,S30.SDS,10,,,,,,,,
RD7401.wav,,S15.SDS,682,,,,,,,,
RD7402.wav,,S16.SDS,684,,,,,,,,
RD7403.wav,,S18.SDS,103,,,,,,,,
RD7404.wav,,S18.SDS,81,,,,,,,,
RD7405.wav,,S18.SDS,141,,,,,,,,
RD7406.wav,,S17.SDS,13,61,,,,,,,
RD7407.wav,,S17.SDS,143,,,,,,,,
RD7408.wav,,S19.SDS,680,,,,,,,,
RD7501.wav,,S22.SDS,63,,,,,,,,
RD7502.wav,,S22.SDS,23,25,,,,,,,
RD7503.wav,,S22.SDS,21,,,,,,,,
RD7504.wav,,S22.SDS,22,,,,,,,,
RD7505.wav,,S23.SDS,14,,,,,,,,
RD7506.wav,,S23.SDS,12,,,,,,,,
RD7507.wav,,S24.SDS,19,,,,,,,,
RD7508.wav,,S24.SDS,20,,,,,,,,
RD7509.wav,,S57.SDS,1,,,,,,,,
RD7601.wav,,S25.SDS,10,11,,,,,,,
RD7602.wav,,S25.SDS,4,,,,,,,,
RD7603.wav,,?,?,,,,,,,,
RD7701.wav,,S26.SDS,10,,,,,,,,
RD7702.wav,,S26.SDS,8,,,,,,,,
RD7703.wav,,S26.SDS,9,,,,,,,,
RD7704.wav,,S51.SDS,10,,,,,,,,
RD7705.wav,,S51.SDS,6,,,,,,,,
RD7706.wav,,S51.SDS,5,,,,,,,,
RD7707.wav,,S51.SDS,4,,,,,,,,
RD7708.wav,,S51.SDS,70,,,,,,,,
RD7709.wav,,S51.SDS,7,8,,,,,,,
RD7710.wav,,S51.SDS,2,61,S51.SDS,72,61,,,,
RD7711.wav,,S51.SDS,71,,,,,,,,
RD7712.wav,,S51.SDS,59,,,,,,,,
RD7801.wav,,S92.SDS,1,,,,,,,,
RD7901.wav,,S40.SDS,6,,,,,,,,
RD7903.wav,,S40.SDS,140,,,,,,,,
RD8001.wav,,S39.SDS,5,,,,,,,,
RD8101.wav,,S32.SDS,73,,,,,,,,
RD8102.wav,,S31.SDS,15,,,,,,,,
RD8103.wav,,S32.SDS,75,,,,,,,,
RD8104.wav,,S32.SDS,72,,,,,,,,
RD8105.wav,,S32.SDS,71,,,,,,,,
RD8106.wav,,S32.SDS,73,,,,,,,,
RD8107.wav,,S33.SDS,115,,,,,,,,
RD8108.wav,,S33.SDS,120,,,,,,,,
RD8109.wav,,S34.SDS,96,,,,,,,,
RD8110.wav,,S64.SDS,100,,,,,,,,
RD8111.wav,,S64.SDS,106,,,,,,,,
RD8112.wav,,S64.SDS,101,,,,,,,,
RD8113.wav,,S64.SDS,105,,,,,,,,
RD8114.wav,,S35.SDS,51,,,,,,,,
RD8115.wav,,S35.SDS,58,,,,,,,,
RD8116.wav,,S35.SDS,56,57,,,,,,,
RD8117.wav,,S84.SDS,61,,,,,,,,
RD8118.wav,,S84.SDS,62,,,,,,,,
RD8119.wav,,S37.SDS,77,,,,,,,,
RD8120.wav,,S37.SDS,79,,,,,,,,
RD8201.wav,,S73.SDS,1,,,,,,,,
RD8202.wav,,S73.SDS,2,,,,,,,,
RD8203.wav,,S71.SDS,63,,,,,,,,
RD8205.wav,,S71.SDS,64,,,,,,,,
RD8301.wav,,S40.SDS,1,,,,,,,,
RD8302.wav,,S40.SDS,2,,,,,,,,
RD8303.wav,,S40.SDS,3,,,,,,,,
RD8401.wav,,S77.SDS,117,,,,,,,,
RD8501A.wav,,S100.SDS,683,,,,,,,,
RE0201C.wav,,S8.SDS,27,,,,,,,,
RE0201E.wav,,S8.SDS,31,,,,,,,,
RE0201F.wav,,S8.SDS,7,,,,,,,,
RE0301.wav,,S8.SDS,4,,,,,,,,
RE0302A.wav,,S8.SDS,36,37,,,,,,,
RE0302B.wav,,S8.SDS,40,,,,,,,,
RE0401A.wav,,S62.SDS,2,,,,,,,,
RE0501A.wav,,S41.SDS,103,,,,,,,,
RE0501B.wav,,S41.SDS,96,,,,,,,,
RE0501C.wav,,S41.SDS,99,,,,,,,,
RE0509A.wav,,S41.SDS,105,,,,,,,,
RE0509C.wav,,S41.SDS,108,,,,,,,,
RE0601A.wav,,S41.SDS,56,,,,,,,,
RE0601B.wav,,S41.SDS,60,,,,,,,,
RE0602.wav,,S41.SDS,64,,,,,,,,
RE0603A.wav,,S41.SDS,66,,,,,,,,
RE0603B.wav,,S41.SDS,68,,,,,,,,
RE0605.wav,,S41.SDS,75,,,,,,,,
RE0608.wav,,S41.SDS,79,,,,,,,,
RE0609A.wav,,S41.SDS,83,,,,,,,,
RE0609B.wav,,S41.SDS,86,,,,,,,,
RE0701A.wav,,S50.SDS,27,,,,,,,,
RE0701B.wav,,S50.SDS,29,,,,,,,,
RE0802A.wav,,S44.SDS,6,,,,,,,,
RE0802B.wav,,S44.SDS,8,,,,,,,,
RE0803.wav,,S44.SDS,10,,,,,,,,
RE0804.wav,,S44.SDS,14,,,,,,,,
RE0805.wav,,S44.SDS,17,,,,,,,,
RE0806A.wav,,S44.SDS,19,,,,,,,,
RE0807A.wav,,S44.SDS,24,,,,,,,,
RE0808.wav,,S44.SDS,28,,,,,,,,
RE0809B.wav,,S44.SDS,31,,,,,,,,
RE0810B.wav,,S44.SDS,35,,,,,,,,
RE0811.wav,,S44.SDS,38,,,,,,,,
RE0812.wav,,S44.SDS,80,,,,,,,,
RE0901A.wav,,S48.SDS,16,,,,,,,,
RE0901B.wav,,S48.SDS,18,,,,,,,,
RE0902.wav,,S48.SDS,21,,,,,,,,
RE0906.wav,,S48.SDS,25,,,,,,,,
RE0907.wav,,S48.SDS,80,,,,,,,,
RE0908.wav,,S48.SDS,28,,,,,,,,
RE0909.wav,,S48.SDS,21,,,,,,,,
RE0914.wav,,S48.SDS,40,S48.SDS,147,,,,,,
RE0915.wav,,S48.SDS,44,,,,,,,,
RE0918.wav,,S48.SDS,112,,,,,,,,
RE0919.wav,,S48.SDS,114,,,,,,,,
RE0920.wav,,S48.SDS,118,,,,,,,,
RE0922.wav,,S48.SDS,52,,,,,,,,
RE0926.wav,,S48.SDS,144,,,,,,,,
RE0927.wav,,S48.SDS,122,,,,,,,,
RE1002.wav,,S45.SDS,8,,,,,,,,
RE1101.wav,,S86.SDS,2,,,,,,,,
RE1202.wav,,S16.SDS,79,,,,,,,,
RE1206.wav,,S16.SDS,45,,,,,,,,
RE1210.wav,,S16.SDS,43,,,,,,,,
RE1216.wav,,S16.SDS,21,,,,,,,,
RE1301A.wav,,S18.SDS,106,,,,,,,,
RE1301B.wav,,S18.SDS,110,,,,,,,,
RE1302A.wav,,S18.SDS,116,,,,,,,,
RE1302B.wav,,S18.SDS,118,,,,,,,,
RE1303.wav,,S18.SDS,128,,,,,,,,
RE1304A.wav,,S18.SDS,122,,,,,,,,
RE1304B.wav,,S18.SDS,126,,,,,,,,
RE1501A1.wav,,S17.SDS,64,,,,,,,,
RE1501B.wav,,S17.SDS,68,,,,,,,,
RE1601A.wav,,S19.SDS,462,,,,,,,,
RE1601B.wav,,S19.SDS,466,,,,,,,,
RE1603.wav,,S19.SDS,473,,,,,,,,
RE1604.wav,,S19.SDS,475,,,,,,,,
RE1605.wav,,S19.SDS,479,,,,,,,,
RE1606A.wav,,S19.SDS,480,,,,,,,,
RE1606B.wav,,S19.SDS,482,,,,,,,,
RE1606C.wav,,S19.SDS,484,,,,,,,,
RE1607A.wav,,S19.SDS,488,,,,,,,,
RE1607B.wav,,S19.SDS,490,,,,,,,,
RE1607C.wav,,S19.SDS,494,,,,,,,,
RE1612.wav,,S19.SDS,486,,,,,,,,
RE1701.wav,,S19.SDS,55,,,,,,,,
RE1704A.wav,,S19.SDS,60,,,,,,,,
RE1704B.wav,,S19.SDS,62,,,,,,,,
RE1705.wav,,S19.SDS,67,,,,,,,,
RE1706A.wav,,S19.SDS,70,,,,,,,,
RE1706B.wav,,S64.SDS,3,,,,,,,,
RE1706D.wav,,S63.SDS,7,,,,,,,,
RE1707A.wav,,S19.SDS,72,,,,,,,,
RE1707B.wav,,S19.SDS,74,,,,,,,,
RE1708.wav,,S19.SDS,80,,,,,,,,
RE1709A.wav,,S19.SDS,82,,,,,,,,
RE1709B.wav,,S19.SDS,85,,,,,,,,
RE1711A.wav,,S19.SDS,89,,,,,,,,
RE1711B.wav,,S19.SDS,92,,,,,,,,
RE1801A.wav,,S19.SDS,523,,,,,,,,
RE1802B.wav,,S19.SDS,532,,,,,,,,
RE1803A.wav,,S19.SDS,535,,,,,,,,
RE1803B.wav,,S19.SDS,539,,,,,,,,
RE1911.wav,,S19.SDS,33,,,,,,,,
RE1913.wav,,S19.SDS,37,,,,,,,,
RE1915.wav,,S19.SDS,20,,,,,,,,
RE1917.wav,,S19.SDS,23,,,,,,,,
RE1919.wav,,S19.SDS,670,,,,,,,,
RE1920.wav,,S19.SDS,48,,,,,,,,
RE2001A.wav,,S20.SDS,228,,,,,,,,
RE2001B.wav,,S20.SDS,230,,,,,,,,
RE2005.wav,,S20.SDS,240,,,,,,,,
RE2007.wav,,S20.SDS,244,,,,,,,,
RE2009.wav,,S20.SDS,247,,,,,,,,
RE2010A.wav,,S20.SDS,251,,,,,,,,
RE2010B.wav,,S20.SDS,253,,,,,,,,
RE2012.wav,,S20.SDS,258,,,,,,,,
RE2013C.wav,,S20.SDS,317,,,,,,,,
RE2014.wav,,S20.SDS,319,,,,,,,,
RE2015A.wav,,S20.SDS,322,,,,,,,,
RE2015B.wav,,S20.SDS,324,,,,,,,,
RE2015C.wav,,S20.SDS,326,,,,,,,,
RE2015E.wav,,S20.SDS,330,,,,,,,,
RE2016A.wav,,S20.SDS,260,,,,,,,,
RE2016B.wav,,S20.SDS,264,,,,,,,,
RE2017.wav,,S20.SDS,267,,,,,,,,
RE2018.wav,,S20.SDS,307,,,,,,,,
RE2020.wav,,S20.SDS,365,,,,,,,,
RE2021.wav,,S20.SDS,310,,,,,,,,
RE2022.wav,,S20.SDS,335,,,,,,,,
RE2023A.wav,,S20.SDS,337,,,,,,,,
RE2023B.wav,,S20.SDS,340,,,,,,,,
RE2023C.wav,,S20.SDS,341,,,,,,,,
RE2024.wav,,S20.SDS,343,,,,,,,,
RE2025A.wav,,S20.SDS,346,,,,,,,,
RE2025B.wav,,S20.SDS,348,,,,,,,,
RE2027A.wav,,S20.SDS,354,,,,,,,,
RE2027B.wav,,S20.SDS,356,,,,,,,,
RE2028.wav,,S20.SDS,358,,,,,,,,
RE2029A.wav,,S20.SDS,360,,,,,,,,
RE2030.wav,,S20.SDS,368,,,,,,,,
RE2032A.wav,,S20.SDS,373,,,,,,,,
RE2033.wav,,S20.SDS,377,,,,,,,,
RE2034.wav,,S20.SDS,379,,,,,,,,
RE2035A.wav,,S20.SDS,382,,,,,,,,
RE2035B.wav,,S20.SDS,386,,,,,,,,
RE2036A.wav,,S20.SDS,390,,,,,,,,
RE2036C.wav,,S20.SDS,255,,,,,,,,
RE2037.wav,,S20.SDS,396,,,,,,,,
RE2038.wav,,S20.SDS,399,,,,,,,,
RE2039A.wav,,S20.SDS,410,,,,,,,,
RE2040A.wav,,S20.SDS,271,,,,,,,,
RE2041.wav,,S20.SDS,275,,,,,,,,
RE2042.wav,,S20.SDS,277,,,,,,,,
RE2043A.wav,,S20.SDS,280,,,,,,,,
RE2043B.wav,,S20.SDS,283,,,,,,,,
RE2043C.wav,,S20.SDS,286,,,,,,,,
RE2043D.wav,,S20.SDS,363,,,,,,,,
RE2044.wav,,S20.SDS,299,,,,,,,,
RE2045A.wav,,S20.SDS,291,,,,,,,,
RE2045B.wav,,S20.SDS,294,,,,,,,,
RE2046A.wav,,S20.SDS,301,,,,,,,,
RE2102A.wav,,S16.SDS,63,,,,,,,,
RE2102B.wav,,S16.SDS,68,,,,,,,,
RE2103.wav,,S16.SDS,75,,,,,,,,
RE2201B.wav,,S61.SDS,8,,,,,,,,
RE2301A.wav,,S58.SDS,148,,,,,,,,
RE2301B.wav,,S58.SDS,152,,,,,,,,
RE2401.wav,,S60.SDS,2,S22.SDS,2,,,,,,
RE2504.wav,,S59.SDS,3,,,,,,,,
RE2505A.wav,,S59.SDS,9,,,,,,,,
RE2603.wav,,S76.SDS,15,,,,,,,,
RE2604.wav,,S76.SDS,4,,,,,,,,
RE2605A.wav,,S74.SDS,2,,,,,,,,
RE2605B.wav,,S74.SDS,6,10,,,,,,,
RE2606.wav,,S74.SDS,9,,,,,,,,
RE2608.wav,,S48.SDS,218,,,,,,,,
RE2901A.wav,,S50.SDS,33,34,,,,,,,
RE2901B.wav,,S50.SDS,36,37,,,,,,,
RE2901C.wav,,S50.SDS,40,,,,,,,,
RE3001A.wav,,S28.SDS,10,,,,,,,,
RE3001B.wav,,S28.SDS,15,,,,,,,,
RE3001C.wav,,S28.SDS,18,,,,,,,,
RE3002.wav,,S28.SDS,84,,,,,,,,
RE3005A.wav,,S28.SDS,21,,,,,,,,
RE3005C.wav,,S28.SDS,26,,,,,,,,
RE3005D.wav,,S28.SDS,29,,,,,,,,
RE3009.wav,,S28.SDS,36,,,,,,,,
RE3010B.wav,,S28.SDS,45,,,,,,,,
RE3010C2.wav,,S28.SDS,47,,,,,,,,
RE3010D.wav,,S28.SDS,48,,,,,,,,
RE3010E3.wav,,S28.SDS,52,,,,,,,,
RE3010F.wav,,S28.SDS,53,,,,,,,,
RE3010G.wav,,S28.SDS,54,,,,,,,,
RE3010H.wav,,S28.SDS,58,,,,,,,,
RE3011A.wav,,S28.SDS,64,,,,,,,,
RE3012A.wav,,S28.SDS,66,,,,,,,,
RE3012B.wav,,S28.SDS,69,,,,,,,,
RE3014.wav,,S28.SDS,63,,,,,,,,
RE3102.wav,,S25.SDS,2,,,,,,,,
RE3201A.wav,,S8.SDS,45,,,,,,,,
RE3201B.wav,,S8.SDS,103,,,,,,,,
RE3304.wav,,S44.SDS,44,,,,,,,,
RE3312A.wav,,S44.SDS,53,,,,,,,,
RE3312B.wav,,S44.SDS,55,,,,,,,,
RE3312C.wav,,S44.SDS,57,,,,,,,,
RE3314.wav,,S44.SDS,62,,,,,,,,
RE3318.wav,,S44.SDS,68,,,,,,,,
RE3319.wav,,S44.SDS,70,,,,,,,,
RE3401A.wav,,S47.SDS,4,,,,,,,,
RE3401C.wav,,S47.SDS,9,,,,,,,,
RE3401D.wav,,S47.SDS,11,,,,,,,,
RE3402.wav,,S47.SDS,14,,,,,,,,
RE3404.wav,,S47.SDS,19,,,,,,,,
RE3405.wav,,S47.SDS,25,,,,,,,,
RE3406B.wav,,S47.SDS,29,,,,,,,,
RE3407A2.wav,,S47.SDS,33,,,,,,,,
RE3407B.wav,,S47.SDS,35,,,,,,,,
RE3407D.wav,,S47.SDS,38,,,,,,,,
RE3410.wav,,S47.SDS,50,,,,,,,,
RE3411A.wav,,S47.SDS,44,,,,,,,,
RE3411B.wav,,S47.SDS,48,,,,,,,,
RE3501.wav,,S70.SDS,2,,,,,,,,
RE3602.wav,,S48.SDS,66,S48.SDS,167,,,,,,
RE3603.wav,,S48.SDS,173,,,,,,,,
RE3604.wav,,S48.SDS,68,S48.SDS,169,,,,,,
RE3605.wav,,S48.SDS,226,,,,,,,,
RE3606.wav,,S48.SDS,229,,,,,,,,
RE3607.wav,,S48.SDS,233,,,,,,,,
RE3609.wav,,S48.SDS,179,,,,,,,,
RE3610.wav,,S48.SDS,152,,,,,,,,
RE3611.wav,,S48.SDS,128,,,,,,,,
RE3613.wav,,S48.SDS,132,,,,,,,,
RE3617.wav,,S48.SDS,182,,,,,,,,
RE3619B.wav,,S48.SDS,188,,,,,,,,
RE3619C.wav,,S48.SDS,190,,,,,,,,
RE3619D.wav,,S48.SDS,192,,,,,,,,
RE3619E.wav,,S48.SDS,195,,,,,,,,
RE3627.wav,,S48.SDS,207,,,,,,,,
RE3701.wav,,S65.SDS,3,,,,,,,,
RE3702.wav,,S65.SDS,7,,,,,,,,
RE3703.wav,,S65.SDS,10,,,,,,,,
RE3704.wav,,S65.SDS,13,,,,,,,,
RE3705.wav,,S65.SDS,16,,,,,,,,
RE3706.wav,,S65.SDS,19,,,,,,,,
RE3708A.wav,,S65.SDS,59,,,,,,,,
RE3710.wav,,S65.SDS,64,,,,,,,,
RE3711.wav,,S65.SDS,68,,,,,,,,
RE3712.wav,,S65.SDS,71,,,,,,,,
RE3713.wav,,S65.SDS,73,,,,,,,,
RE3714.wav,,S65.SDS,75,,,,,,,,
RE3715.wav,,S65.SDS,41,,,,,,,,
RE3716.wav,,S65.SDS,43,,,,,,,,
RE3717.wav,,S65.SDS,32,,,,,,,,
RE3801A.wav,,S65.SDS,98,,,,,,,,
RE3801B.wav,,S65.SDS,102,,,,,,,,
RE3802.wav,,S65.SDS,104,,,,,,,,
RE3803.wav,,S65.SDS,102,,,,,,,,
RE3804.wav,,S65.SDS,107,,,,,,,,
RE3808.wav,,S65.SDS,145,,,,,,,,
RE3809.wav,,S65.SDS,125,,,,,,,,
RE3810.wav,,S65.SDS,152,,,,,,,,
RE3811A.wav,,S65.SDS,132,,,,,,,,
RE3811B.wav,,S65.SDS,138,,,,,,,,
RE3812.wav,,S65.SDS,116,,,,,,,,
RE3813.wav,,S65.SDS,118,,,,,,,,
RE3814.wav,,S65.SDS,112,,,,,,,,
RE3815.wav,,S65.SDS,114,,,,,,,,
RE3820.wav,,S19.SDS,454,,,,,,,,
RE3821A.wav,,S19.SDS,652,,,,,,,,
RE3821B.wav,,S19.SDS,655,,,,,,,,
RE3901A.wav,,S50.SDS,45,,,,,,,,
RE3901B.wav,,S50.SDS,48,,,,,,,,
RE4001F.wav,,S78.SDS,43,,,,,,,,
RE4001H.wav,,S78.SDS,46,47,,,,,,,
RE4001I.wav,,S78.SDS,50,,,,,,,,
RE4003.wav,,S88.SDS,8,,,,,,,,
RE4004A.wav,,S81.SDS,11,,,,,,,,
RE4004B.wav,,?,?,,,,,,,,
RE4201A.wav,,S8.SDS,100,,,,,,,,
RE4201B.wav,,S8.SDS,102,,,,,,,,
RE4301.wav,,S80.SDS,2,,,,,,,,
RE4401A.wav,,S48.SDS,209,,,,,,,,
RE4401B.wav,,S48.SDS,213,,,,,,,,
RE4501A.wav,,S8.SDS,92,,,,,,,,
RE4501B.wav,,S8.SDS,94,,,,,,,,
RE4501C.wav,,S8.SDS,95,96,,,,,,,
RE4601B.wav,,S79.SDS,32,33,,,,,,,
RE4602C.wav,,S79.SDS,38,,,,,,,,
RE4603.wav,,S79.SDS,40,,,,,,,,
RE4701.wav,,S8.SDS,97,,,,,,,,
RE4801.wav,,?,?,,,,,,,,
RE4901B.wav,,S93.SDS,109,,,,,,,,
RE5001.wav,,S93.SDS,106,,,,,,,,
RE5102.wav,,S31.SDS,7,,,,,,,,
RE5103.wav,,S31.SDS,4,,,,,,,,
RE5203A.wav,,S32.SDS,7,,,,,,,,
RE5203B.wav,,S32.SDS,9,,,,,,,,
RE5203C.wav,,S32.SDS,11,,,,,,,,
RE5203E.wav,,S32.SDS,15,,,,,,,,
RE5204A.wav,,S32.SDS,36,,,,,,,,
RE5204B.wav,,S32.SDS,40,,,,,,,,
RE5205A.wav,,S32.SDS,20,,,,,,,,
RE5206C.wav,,S32.SDS,23,,,,,,,,
RE5209.wav,,S32.SDS,68,,,,,,,,
RE5211.wav,,S32.SDS,48,,,,,,,,
RE5212A.wav,,S32.SDS,56,,,,,,,,
RE5213.wav,,S32.SDS,50,,,,,,,,
RE5214.wav,,S32.SDS,53,,,,,,,,
RE5215.wav,,S32.SDS,46,,,,,,,,
RE5218A.wav,,S32.SDS,83,,,,,,,,
RE5218B.wav,,S32.SDS,87,,,,,,,,
RE5218C.wav,,S32.SDS,89,,,,,,,,
RE5304.wav,,S77.SDS,12,,,,,,,,
RE5401.wav,,S77.SDS,112,,,,,,,,
RE5402.wav,,S32.SDS,108,29,,,,,,,
RE5403B.wav,,S32.SDS,34,,,,,,,,
RE5601A.wav,,S87.SDS,3,,,,,,,,
RE5801.wav,,S35.SDS,54,,,,,,,,
RE5901.wav,,?,?,,,,,,,,
RE6001A.wav,,S85.SDS,2,,,,,,,,
RE6001B.wav,,S85.SDS,7,,,,,,,,
RE6001C.wav,,S97.SDS,10,,,,,,,,
RE6002.wav,,S97.SDS,12,,,,,,,,
RE6003.wav,,S90.SDS,2,,,,,,,,
RE6004.wav,,S90.SDS,5,,,,,,,,
RE6006A.wav,,S87.SDS,9,,,,,,,,
RE6006B.wav,,S87.SDS,11,,,,,,,,
RE6006C.wav,,S97.SDS,3,,,,,,,,
RE6006D.wav,,S90.SDS,61,,,,,,,,
RE6101A.wav,,S101.SDS,49,,,,,,,,
RE6101B.wav,,S101.SDS,53,,,,,,,,
RE6201A.wav,,S90.SDS,7,,,,,,,,
RE6201C.wav,,S90.SDS,11,,,,,,,,
RE6202B.wav,,S90.SDS,69,70,S90.SDS,13,14,,,,
RE6202C.wav,,S104.SDS,72,,,,,,,,
RE6202D.wav,,S104.SDS,74,75,,,,,,,
RE6301B.wav,,S90.SDS,13,14,S90.SDS,69,70,,,,
RE6301D.wav,,S104.SDS,76,75,,,,,,,
RE6405.wav,,?,?,,,,,,,,
RE6407.wav,,?,?,,,,,,,,
RE6501.wav,,S5.SDS,29,,,,,,,,
RE6505.wav,,S5.SDS,34,,,,,,,,
RE6506.wav,,S5.SDS,33,37,,,,,,,
RE6508.wav,,S5.SDS,74,,,,,,,,
RE6518.wav,,S7.SDS,45,46,,,,,,,
RE6521.wav,,S7.SDS,39,,,,,,,,
RE6522.wav,,S7.SDS,41,,,,,,,,
RE6905.wav,,S53.SDS,123,,,,,,,,
RE6906.wav,,S44.SDS,83,,,,,,,,
RE7101.wav,,S52.SDS,103,,,,,,,,
RE7102.wav,,S27.SDS,2,,,,,,,,
RE7202.wav,,S28.SDS,92,,,,,,,,
RE7305.wav,,S67.SDS,92,,,,,,,,
RE7306.wav,,S30.SDS,11,,,,,,,,
RE7401.wav,,S15.SDS,682,,,,,,,,
RE7408.wav,,?,?,,,,,,,,
RE8103.wav,,S32.SDS,76,,,,,,,,
RE8111.wav,,S64.SDS,102,,,,,,,,
RE8201.wav,,S73.SDS,1,2,,,,,,,
RE8202.wav,,S73.SDS,2,,,,,,,,
RE8205.wav,,S71.SDS,64,,,,,,,,
RE8302.wav,,S40.SDS,2,5,,,,,,,
RE8303.wav,,S40.SDS,3,4,,,,,,,
RE8401.wav,,S77.SDS,117,,,,,,,,
RE8501A.wav,,S100.SDS,683,,,,,,,,
RF0301.wav,,?,?,,,,,,,,
RF0302A.wav,,S8.SDS,38,,,,,,,,
RF0302B.wav,,S8.SDS,41,,,,,,,,
RF0501A.wav,,S41.SDS,94,,,,,,,,
RF0501B.wav,,S41.SDS,97,93,,,,,,,
RF0509C.wav,,S41.SDS,109,,,,,,,,
RF0601A.wav,,S41.SDS,57,,,,,,,,
RF0601B.wav,,S41.SDS,61,,,,,,,,
RF0605.wav,,S41.SDS,76,,,,,,,,
RF0608.wav,,S41.SDS,80,,,,,,,,
RF0609A.wav,,S41.SDS,84,,,,,,,,
RF0701B.wav,,S50.SDS,30,,,,,,,,
RF0803.wav,,S44.SDS,11,,,,,,,,
RF0806A.wav,,S44.SDS,20,,,,,,,,
RF0810B.wav,,S44.SDS,36,,,,,,,,
RF0907.wav,,S48.SDS,81,,,,,,,,
RF0908.wav,,S48.SDS,29,,,,,,,,
RF0919.wav,,S48.SDS,115,,,,,,,,
RF0920.wav,,S48.SDS,119,,,,,,,,
RF0922.wav,,S48.SDS,22,,,,,,,,
RF0927.wav,,S48.SDS,105,,,,,,,,
RF1301A.wav,,S18.SDS,107,,,,,,,,
RF1301B.wav,,S18.SDS,111,,,,,,,,
RF1302B.wav,,S18.SDS,119,,,,,,,,
RF1304A.wav,,S18.SDS,123,,,,,,,,
RF1501A1.wav,,S17.SDS,65,,,,,,,,
RF1501B.wav,,S17.SDS,69,,,,,,,,
RF1601A.wav,,S19.SDS,463,,,,,,,,
RF1601B.wav,,S19.SDS,467,,,,,,,,
RF1607B.wav,,S19.SDS,491,,,,,,,,
RF1704B.wav,,S19.SDS,63,,,,,,,,
RF1705.wav,,S19.SDS,68,,,,,,,,
RF1706A.wav,,S63.SDS,1,,,,,,,,
RF1706B.wav,,S63.SDS,4,,,,,,,,
RF1707B.wav,,S19.SDS,75,,,,,,,,
RF1709A.wav,,S19.SDS,83,,,,,,,,
RF1709B.wav,,S19.SDS,86,,,,,,,,
RF1711A.wav,,S19.SDS,90,,,,,,,,
RF1801A.wav,,S19.SDS,524,,,,,,,,
RF1802B.wav,,S19.SDS,533,,,,,,,,
RF1803A.wav,,S19.SDS,536,,,,,,,,
RF2001B.wav,,S20.SDS,231,,,,,,,,
RF2005.wav,,S20.SDS,241,,,,,,,,
RF2007.wav,,S20.SDS,245,,,,,,,,
RF2014.wav,,S20.SDS,320,,,,,,,,
RF2015C.wav,,S20.SDS,327,,,,,,,,
RF2015E.wav,,S20.SDS,255,,,,,,,,
RF2016A.wav,,S20.SDS,261,,,,,,,,
RF2021.wav,,S20.SDS,311,,,,,,,,
RF2023B.wav,,S20.SDS,339,,,,,,,,
RF2025B.wav,,S20.SDS,349,,,,,,,,
RF2029A.wav,,S20.SDS,361,,,,,,,,
RF2030.wav,,S20.SDS,369,,,,,,,,
RF2034.wav,,S20.SDS,380,,,,,,,,
RF2035A.wav,,S20.SDS,383,,,,,,,,
RF2036A.wav,,S20.SDS,391,,,,,,,,
RF2037.wav,,S20.SDS,397,,,,,,,,
RF2038.wav,,S20.SDS,400,,,,,,,,
RF2039A.wav,,S20.SDS,411,,,,,,,,
RF2040A.wav,,S20.SDS,272,,,,,,,,
RF2043A.wav,,S20.SDS,281,,,,,,,,
RF2043B.wav,,S20.SDS,284,,,,,,,,
RF2045A.wav,,S20.SDS,292,,,,,,,,
RF2045B.wav,,S20.SDS,295,,,,,,,,
RF2102A.wav,,S16.SDS,64,,,,,,,,
RF2102B.wav,,S16.SDS,69,,,,,,,,
RF2201B.wav,,S61.SDS,9,,,,,,,,
RF2301A.wav,,S58.SDS,149,,,,,,,,
RF2605A.wav,,S74.SDS,3,,,,,,,,
RF2608.wav,,S48.SDS,149,,,,,,,,
RF2901B.wav,,S50.SDS,38,,,,,,,,
RF2901C.wav,,S50.SDS,41,,,,,,,,
RF3001A.wav,,S28.SDS,11,,,,,,,,
RF3001B.wav,,S28.SDS,16,,,,,,,,
RF3001C.wav,,S28.SDS,19,,,,,,,,
RF3002.wav,,S28.SDS,85,,,,,,,,
RF3005A.wav,,S28.SDS,22,,,,,,,,
RF3005B.wav,,S28.SDS,24,,,,,,,,
RF3005C.wav,,S28.SDS,27,,,,,,,,
RF3005D.wav,,S28.SDS,30,,,,,,,,
RF3009.wav,,S28.SDS,37,,,,,,,,
RF3010B.wav,,S28.SDS,45,,,,,,,,
RF3010C2.wav,,S28.SDS,47,,,,,,,,
RF3010G.wav,,S28.SDS,55,,,,,,,,
RF3010H.wav,,S28.SDS,59,,,,,,,,
RF3012A.wav,,S28.SDS,67,,,,,,,,
RF3012B.wav,,S28.SDS,93,,,,,,,,
RF3201A.wav,,S8.SDS,46,,,,,,,,
RF3304.wav,,S44.SDS,45,,,,,,,,
RF3312C.wav,,S44.SDS,58,,,,,,,,
RF3319.wav,,S44.SDS,71,,,,,,,,
RF3401A.wav,,S47.SDS,5,,,,,,,,
RF3402.wav,,S47.SDS,15,,,,,,,,
RF3404.wav,,S47.SDS,20,,,,,,,,
RF3407D.wav,,S47.SDS,39,,,,,,,,
RF3410.wav,,S47.SDS,51,,,,,,,,
RF3411A.wav,,S47.SDS,45,,,,,,,,
RF3603.wav,,S48.SDS,174,,,,,,,,
RF3604.wav,,S48.SDS,69,,,,,,,,
RF3605.wav,,S48.SDS,227,,,,,,,,
RF3606.wav,,S48.SDS,230,,,,,,,,
RF3607.wav,,S48.SDS,234,,,,,,,,
RF3610.wav,,S48.SDS,152,,,,,,,,
RF3617.wav,,S48.SDS,183,,,,,,,,
RF3619D.wav,,S48.SDS,193,,,,,,,,
RF3701.wav,,S65.SDS,4,,,,,,,,
RF3702.wav,,S65.SDS,8,,,,,,,,
RF3704.wav,,S65.SDS,14,,,,,,,,
RF3705.wav,,S65.SDS,17,,,,,,,,
RF3706.wav,,S65.SDS,20,,,,,,,,
RF3708A.wav,,S65.SDS,60,,,,,,,,
RF3711.wav,,S65.SDS,69,,,,,,,,
RF3716.wav,,S65.SDS,44,,,,,,,,
RF3717.wav,,S65.SDS,33,,,,,,,,
RF3801A.wav,,S65.SDS,99,,,,,,,,
RF3802.wav,,S65.SDS,105,,,,,,,,
RF3804.wav,,S65.SDS,108,,,,,,,,
RF3808.wav,,S65.SDS,146,,,,,,,,
RF3809.wav,,S65.SDS,126,,,,,,,,
RF3811A.wav,,S65.SDS,133,,,,,,,,
RF3811B.wav,,S65.SDS,139,,,,,,,,
RF3813.wav,,S65.SDS,119,,,,,,,,
RF3821A.wav,,S19.SDS,653,,,,,,,,
RF3821B.wav,,S19.SDS,660,,,,,,,,
RF3901A.wav,,S50.SDS,46,,,,,,,,
RF4001H.wav,,S78.SDS,47,,,,,,,,
RF4004B.wav,,?,?,,,,,,,,
RF4201B.wav,,S8.SDS,103,,,,,,,,
RF4501A.wav,,S8.SDS,92,,,,,,,,
RF4501C.wav,,S8.SDS,96,,,,,,,,
RF4701.wav,,S8.SDS,88,,,,,,,,
RF4901B.wav,,S93.SDS,109,,,,,,,,
RF5203C.wav,,S32.SDS,12,,,,,,,,
RF5203E.wav,,S32.SDS,16,,,,,,,,
RF5204A.wav,,S32.SDS,37,,,,,,,,
RF5206C.wav,,S32.SDS,24,,,,,,,,
RF5212A.wav,,S32.SDS,57,,,,,,,,
RF5213.wav,,S32.SDS,51,,,,,,,,
RF5214.wav,,S32.SDS,54,,,,,,,,
RF5218A.wav,,S32.SDS,84,,,,,,,,
RF5304.wav,,S77.SDS,12,,,,,,,,
RF5401.wav,,S77.SDS,113,,,,,,,,
RF5601A.wav,,S87.SDS,5,,,,,,,,
RF6001A.wav,,S85.SDS,6,,,,,,,,
RF6001B.wav,,S85.SDS,8,,,,,,,,
RF6002.wav,,S97.SDS,13,,,,,,,,
RF6006B.wav,,S97.SDS,6,,,,,,,,
RF6006C.wav,,S97.SDS,4,,,,,,,,
RF6101A.wav,,S101.SDS,50,,,,,,,,
RF6201A.wav,,S90.SDS,8,,,,,,,,
RF6202B.wav,,S90.SDS,14,,,,,,,,
RF6301B.wav,,S90.SDS,70,,,,,,,,
RF6401.wav,,?,?,,,,,,,,
RF6402.wav,,S9.SDS,79,,,,,,,,
RF6521.wav,,S7.SDS,39,,,,,,,,
RF7101.wav,,S52.SDS,108,,,,,,,,
RF8202.wav,,S73.SDS,2,,,,,,,,
RF8302.wav,,S40.SDS,5,,,,,,,,
RF8303.wav,,S40.SDS,4,,,,,,,,
RF8401.wav,,S77.SDS,118,,,,,,,,
RF8501A.wav,,S100.SDS,683,,,,,,,,
RG0601A.wav,,S41.SDS,58,,,,,,,,
RG0701B.wav,,S50.SDS,31,,,,,,,,
RG0803.wav,,S44.SDS,12,,,,,,,,
RG0907.wav,,S48.SDS,83,,,,,,,,
RG0908.wav,,S48.SDS,30,,,,,,,,
RG0919.wav,,S48.SDS,116,,,,,,,,
RG0922.wav,,S48.SDS,54,,,,,,,,
RG0927.wav,,?,?,,,,,,,,
RG1301A.wav,,S18.SDS,108,,,,,,,,
RG1301B.wav,,S18.SDS,112,,,,,,,,
RG1304A.wav,,S18.SDS,124,,,,,,,,
RG1501A1.wav,,S17.SDS,66,,,,,,,,
RG1501B.wav,,S17.SDS,70,,,,,,,,
RG1601A.wav,,S19.SDS,464,,,,,,,,
RG1607B.wav,,S19.SDS,492,,,,,,,,
RG1706B.wav,,S63.SDS,5,,,,,,,,
RG1801A.wav,,S19.SDS,525,,,,,,,,
RG1803A.wav,,S19.SDS,537,,,,,,,,
RG2001B.wav,,S20.SDS,232,,,,,,,,
RG2016A.wav,,S20.SDS,262,,,,,,,,
RG2030.wav,,S20.SDS,370,,,,,,,,
RG2035A.wav,,S20.SDS,384,,,,,,,,
RG2038.wav,,S20.SDS,401,,,,,,,,
RG2039A.wav,,S20.SDS,412,,,,,,,,
RG2045B.wav,,S20.SDS,296,,,,,,,,
RG2102A.wav,,S16.SDS,65,,,,,,,,
RG2102B.wav,,S16.SDS,70,,,,,,,,
RG2201B.wav,,S61.SDS,10,,,,,,,,
RG2301A.wav,,S58.SDS,150,,,,,,,,
RG2901C.wav,,S50.SDS,42,,,,,,,,
RG3001A.wav,,S28.SDS,12,,,,,,,,
RG3002.wav,,S28.SDS,86,,,,,,,,
RG3005D.wav,,S28.SDS,31,,,,,,,,
RG3010G.wav,,S28.SDS,56,,,,,,,,
RG3010H.wav,,S28.SDS,60,,,,,,,,
RG3201A.wav,,S8.SDS,104,,,,,,,,
RG3312C.wav,,S44.SDS,59,,,,,,,,
RG3401A.wav,,S47.SDS,6,,,,,,,,
RG3402.wav,,S47.SDS,16,,,,,,,,
RG3404.wav,,S47.SDS,21,,,,,,,,
RG3407D.wav,,S47.SDS,40,,,,,,,,
RG3410.wav,,S47.SDS,51,,,,,,,,
RG3411A.wav,,S47.SDS,46,,,,,,,,
RG3604.wav,,S48.SDS,70,,,,,,,,
RG3606.wav,,S48.SDS,231,,,,,,,,
RG3610.wav,,S48.SDS,152,,,,,,,,
RG3706.wav,,S65.SDS,21,,,,,,,,
RG3716.wav,,S65.SDS,41,,,,,,,,
RG3801A.wav,,S65.SDS,100,,,,,,,,
RG3809.wav,,S65.SDS,127,,,,,,,,
RG3811A.wav,,S65.SDS,134,,,,,,,,
RG3811B.wav,,S65.SDS,140,,,,,,,,
RG4004B.wav,,?,?,,,,,,,,
RG4501A.wav,,S8.SDS,92,,,,,,,,
RG5203E.wav,,S32.SDS,17,,,,,,,,
RG5204A.wav,,S32.SDS,38,,,,,,,,
RG5206C.wav,,S32.SDS,25,,,,,,,,
RG5212A.wav,,S32.SDS,58,,,,,,,,
RG5218A.wav,,S32.SDS,85,,,,,,,,
RG6001B.wav,,S85.SDS,9,,,,,,,,
RG6101A.wav,,S101.SDS,51,,,,,,,,
RG6202B.wav,,S90.SDS,15,,,,,,,,
RG6301B.wav,,S90.SDS,71,,,,,,,,
RG8401.wav,,S77.SDS,118,,,,,,,,
RH0907.wav,,S48.SDS,84,,,,,,,,
RH0908.wav,,S48.SDS,31,,,,,,,,
RH0927.wav,,S48.SDS,107,,,,,,,,
RH1501B.wav,,S17.SDS,76,,,,,,,,
RH1801A.wav,,S19.SDS,526,,,,,,,,
RH2001B.wav,,S20.SDS,233,,,,,,,,
RH2102A.wav,,S16.SDS,66,,,,,,,,
RH2102B.wav,,S16.SDS,71,,,,,,,,
RH3001A.wav,,S28.SDS,13,,,,,,,,
RH3312C.wav,,S44.SDS,60,,,,,,,,
RH3401A.wav,,S47.SDS,7,,,,,,,,
RH3404.wav,,S47.SDS,22,,,,,,,,
RH3610.wav,,S48.SDS,153,,,,,,,,
RH3809.wav,,S65.SDS,128,,,,,,,,
RH3811A.wav,,S65.SDS,135,,,,,,,,
RH3811B.wav,,S65.SDS,141,,,,,,,,
RH5212A.wav,,S32.SDS,59,,,,,,,,
RH6001B.wav,,S97.SDS,7,,,,,,,,
RI0927.wav,,S48.SDS,116,,,,,,,,
RI1801A.wav,,S19.SDS,527,,,,,,,,
RI2038.wav,,S20.SDS,402,,,,,,,,
RI2102B.wav,,S16.SDS,72,,,,,,,,
RI3610.wav,,S48.SDS,154,,,,,,,,
RI3809.wav,,S65.SDS,129,,,,,,,,
RI3811A.wav,,S65.SDS,136,,,,,,,,
RI6001B.wav,,S97.SDS,8,,,,,,,,
RJ3610.wav,,S48.SDS,155,,,,,,,,
RJ3809.wav,,S65.SDS,130,,,,,,,,
SYOKKU2.wav,,?,?,,,,,,,,
